﻿<?xml version="1.0" encoding="utf-8"?>
<Defs>

  <SoundDef>
    <defName>Interact_SprinklingShortTime</defName>  
    <sustain>True</sustain>  
    <context>MapOnly</context>
    <eventNames />
    <maxSimultaneous>1</maxSimultaneous>
    <priorityMode>PrioritizeNearest</priorityMode>
    <sustainStartSound>Interact_CarryLiquidContainer</sustainStartSound>
    <subSounds>
      <li>
        <muteWhenPaused>True</muteWhenPaused>      
        <grains>
          <li Class="AudioGrain_Clip">
            <clipPath>Interact/Work/Construct/Splash_Liquid01</clipPath>
          </li>
        </grains>      
        <volumeRange>
          <min>11.17392</min>        
          <max>13.17392</max>
        </volumeRange>      
        <pitchRange>
          <min>0.8304347</min>        
          <max>1.469566</max>
        </pitchRange> 
        <sustainIntervalRange>
          <min>-0.202564</min>        
          <max>0.402564</max>
        </sustainIntervalRange>      
        <sustainAttack>0.85882355</sustainAttack>      
        <sustainRelease>0.1823529</sustainRelease>
      </li>
    </subSounds>
  </SoundDef>
  
  <SoundDef>
    <defName>Interact_SprinklingLongTime</defName>  
    <sustain>True</sustain>  
    <context>MapOnly</context>
    <eventNames />
    <maxSimultaneous>1</maxSimultaneous> 
    <priorityMode>PrioritizeNearest</priorityMode>
    <sustainStartSound>Interact_CarryLiquidContainer</sustainStartSound>
    <subSounds>
      <li>
        <muteWhenPaused>True</muteWhenPaused>      
        <grains>
          <li Class="AudioGrain_Clip">
            <clipPath>Interact/Work/Construct/Pour_Blunt01</clipPath>
          </li>
        </grains>      
        <volumeRange>
          <min>8.17392</min>        
          <max>10.67392</max>
        </volumeRange>      
        <pitchRange>
          <min>0.8304347</min>        
          <max>1.1669566</max>
        </pitchRange> 
        <sustainIntervalRange>
          <min>-0.1402564</min>        
          <max>0.802564</max>
        </sustainIntervalRange>      
        <sustainAttack>0.65882355</sustainAttack>      
        <sustainRelease>0.054823529</sustainRelease>
      </li>
      <li>
      <muteWhenPaused>True</muteWhenPaused>      
        <grains>
          <li Class="AudioGrain_Clip">
            <clipPath>Interact/Work/Construct/Pour_Sharp01</clipPath>
          </li>
        </grains>      
        <volumeRange>
          <min>2.17392</min>        
          <max>3.17392</max>
        </volumeRange>
        <pitchRange>
          <min>0.2304347</min>        
          <max>0.669566</max>
        </pitchRange>
        <sustainIntervalRange>
          <min>2.502564</min>        
          <max>3.102564</max>
        </sustainIntervalRange>
        <sustainAttack>0.05882355</sustainAttack>      
        <sustainRelease>0.2823529</sustainRelease>
      </li>
      <li>
        <muteWhenPaused>True</muteWhenPaused>      
        <grains>
          <li Class="AudioGrain_Clip">
            <clipPath>Interact/Work/Construct/Splash_Liquid01</clipPath>
          </li>
        </grains>      
        <volumeRange>
          <min>6.17392</min>        
          <max>8.17392</max>
        </volumeRange>      
        <pitchRange>
          <min>0.8304347</min>        
          <max>1.469566</max>
        </pitchRange> 
        <sustainIntervalRange>
          <min>-0.102564</min>        
          <max>0.602564</max>
        </sustainIntervalRange>      
        <sustainAttack>0.55882355</sustainAttack>      
        <sustainRelease>0.0823529</sustainRelease>
      </li>
    </subSounds>
  </SoundDef>
  
  <SoundDef>
    <defName>Interact_CarryLiquidContainer</defName>
    <context>MapOnly</context>
    <eventNames />
    <maxSimultaneous>1</maxSimultaneous>
    <subSounds>
      <li> 
        <grains>
          <li Class="AudioGrain_Clip">
            <clipPath>Interact/Work/Construct/Carry_LiquidContainer01</clipPath>
          </li>
        </grains>      
        <volumeRange>
          <min>10.55883</min>        
          <max>12.01177</max>
        </volumeRange>
        <pitchRange>
          <min>0.9236416</min>        
          <max>1.14837</max>
        </pitchRange>
        <sustainLoop>False</sustainLoop>
      </li>
    </subSounds>
  </SoundDef>
  
</Defs>