﻿<?xml version="1.0" encoding="utf-8"?>

<Defs>
	<FuelBurning.IgnitionDef>
		<defName>Ignition_Small</defName>
		<spreadPower>2</spreadPower>
		<firstFireSize>0.6</firstFireSize>
		<maxHeatCapacity>4</maxHeatCapacity>
		<fireRemains>false</fireRemains>
		<easeCooling>0.002</easeCooling>
		<baseIgnitionChance>0.8</baseIgnitionChance>
		
  		<multiplierDirect>
  			<li>
				<damageDef>Flame</damageDef>
				<multiplier>1000</multiplier>
			</li>
			<li>
				<damageDef>Bomb</damageDef>
				<multiplier>1000</multiplier>
			</li>
			<li>
				<damageDef>Burn</damageDef>
				<multiplier>1000</multiplier>
			</li>
			<li>
				<damageDef>Bullet</damageDef>
				<multiplier>4</multiplier>
			</li>
			<li>
				<damageDef>Cut</damageDef>
				<multiplier>0.16</multiplier>
			</li>
			<li>
				<damageDef>Blunt</damageDef>
				<multiplier>0.1</multiplier>
			</li>
			<li>
				<damageDef>Arrow</damageDef>
				<multiplier>0.3</multiplier>
			</li>
			<li>
				<damageDef>Stab</damageDef>
				<multiplier>0.16</multiplier>
			</li>
        </multiplierDirect>
        
        <multiplierSparks>
  			<li>
				<damageDef>Flame</damageDef>
				<multiplier>10</multiplier>
			</li>
			<li>
				<damageDef>Bomb</damageDef>
				<multiplier>10</multiplier>
			</li>
			<li>
				<damageDef>Burn</damageDef>
				<multiplier>10</multiplier>
			</li>
			<li>
				<damageDef>Bullet</damageDef>
				<multiplier>4</multiplier>
			</li>
        </multiplierSparks>
  	</FuelBurning.IgnitionDef>
  	
  	<FuelBurning.IgnitionDef>
		<defName>Ignition_Medium</defName>
		<spreadPower>5.5</spreadPower>
		<firstFireSize>0.9</firstFireSize>
		<maxHeatCapacity>200</maxHeatCapacity>
		<fireRemains>true</fireRemains>
		<easeCooling>0.006</easeCooling>
		<baseIgnitionChance>0.4</baseIgnitionChance>
		
  		<multiplierDirect>
  			<li>
				<damageDef>Flame</damageDef>
				<multiplier>1000</multiplier>
			</li>
			<li>
				<damageDef>Bomb</damageDef>
				<multiplier>1000</multiplier>
			</li>
			<li>
				<damageDef>Burn</damageDef>
				<multiplier>1000</multiplier>
			</li>
			<li>
				<damageDef>Bullet</damageDef>
				<multiplier>6.5</multiplier>
			</li>
			<li>
				<damageDef>Cut</damageDef>
				<multiplier>2.0</multiplier>
			</li>
			<li>
				<damageDef>Blunt</damageDef>
				<multiplier>1.1</multiplier>
			</li>
			<li>
				<damageDef>Arrow</damageDef>
				<multiplier>3</multiplier>
			</li>
			<li>
				<damageDef>Stab</damageDef>
				<multiplier>2.0</multiplier>
			</li>
        </multiplierDirect>
        
        <multiplierSparks>
  			<li>
				<damageDef>Flame</damageDef>
				<multiplier>18</multiplier>
			</li>
			<li>
				<damageDef>Bomb</damageDef>
				<multiplier>8</multiplier>
			</li>
			<li>
				<damageDef>Burn</damageDef>
				<multiplier>18</multiplier>
			</li>
			<li>
				<damageDef>Bullet</damageDef>
				<multiplier>5.5</multiplier>
			</li>
        </multiplierSparks>
  	</FuelBurning.IgnitionDef>
  	
  	<FuelBurning.IgnitionDef>
		<defName>Ignition_Large</defName>
		<spreadPower>3.2</spreadPower>
		<firstFireSize>1.5</firstFireSize>
		<maxHeatCapacity>900</maxHeatCapacity>
		<fireRemains>true</fireRemains>
		<easeCooling>0.01</easeCooling>
		<baseIgnitionChance>0.25</baseIgnitionChance>
		
  		<multiplierDirect>
  			<li>
				<damageDef>Flame</damageDef>
				<multiplier>1000</multiplier>
			</li>
			<li>
				<damageDef>Bomb</damageDef>
				<multiplier>1000</multiplier>
			</li>
			<li>
				<damageDef>Burn</damageDef>
				<multiplier>1000</multiplier>
			</li>
			<li>
				<damageDef>Bullet</damageDef>
				<multiplier>9</multiplier>
			</li>
			<li>
				<damageDef>Cut</damageDef>
				<multiplier>2.6</multiplier>
			</li>
			<li>
				<damageDef>Blunt</damageDef>
				<multiplier>1.6</multiplier>
			</li>
			<li>
				<damageDef>Arrow</damageDef>
				<multiplier>4</multiplier>
			</li>
			<li>
				<damageDef>Stab</damageDef>
				<multiplier>2.8</multiplier>
			</li>
        </multiplierDirect>
        
        <multiplierSparks>
  			<li>
				<damageDef>Flame</damageDef>
				<multiplier>60</multiplier>
			</li>
			<li>
				<damageDef>Bomb</damageDef>
				<multiplier>30</multiplier>
			</li>
			<li>
				<damageDef>Burn</damageDef>
				<multiplier>60</multiplier>
			</li>
			<li>
				<damageDef>Bullet</damageDef>
				<multiplier>8</multiplier>
			</li>
        </multiplierSparks>
  	</FuelBurning.IgnitionDef>
</Defs>