﻿<?xml version="1.0" encoding="utf-8" ?>
<Defs>

  <EffecterDef>
    <defName>SprinklingOil_ShortTime</defName>
    <children>
      <li>
        <subEffecterClass>SubEffecter_Sustainer</subEffecterClass>
        <soundDef>Interact_SprinklingShortTime</soundDef>
      </li>
      <li>
        <subEffecterClass>SubEffecter_SprayerChance</subEffecterClass>
        <chancePerTick>0.15</chancePerTick>
        <scale>
          <min>0.5</min>
          <max>0.7</max>
        </scale>
        <rotationRate>
          <min>-10</min>
          <max>10</max>
        </rotationRate>
        <angle>
          <min>135</min>
          <max>225</max>
        </angle>
        <speed>
          <min>1.5</min>
          <max>2.0</max>
        </speed>
        <ticksBetweenMotes>10</ticksBetweenMotes>
        <positionLerpFactor>0.35</positionLerpFactor>
        <positionRadius>0.2</positionRadius>
        <moteDef>Mote_SplashOil</moteDef>
      </li>
    </children>
  </EffecterDef>
  
  <EffecterDef>
    <defName>SprinklingOil_LongTime</defName>
    <children>
      <li>
        <subEffecterClass>SubEffecter_Sustainer</subEffecterClass>
        <soundDef>Interact_SprinklingLongTime</soundDef>
        </li>
      <li>
        <subEffecterClass>SubEffecter_SprayerChance</subEffecterClass>
        <chancePerTick>0.15</chancePerTick>
        <scale>
          <min>0.5</min>
          <max>0.7</max>
        </scale>
        <angle>
          <min>135</min>
          <max>225</max>
        </angle>
        <rotationRate>
          <min>-10</min>
          <max>10</max>
        </rotationRate>
        <speed>
          <min>1.5</min>
          <max>2.0</max>
        </speed>
        <ticksBetweenMotes>10</ticksBetweenMotes>
        <positionLerpFactor>0.35</positionLerpFactor>
        <positionRadius>0.2</positionRadius>
        <moteDef>Mote_SplashOil</moteDef>
      </li>
    </children>
  </EffecterDef>
</Defs>